"0","#| message: false"
"0","# Adding on to previous MACC function to allow for different abatements even though they're the same "
"0","MACC_district_new <- function(Ak1, Am1, Aa1, Av1){"
"0","  MACC_k = 4.5*Ak1"
"0","  MACC_m = 4*Am1"
"0","  MACC_a = 3*Aa1"
"0","  MACC_v = 2*Av1"
"0","  return(tibble(District = c(""Kern"", ""Mojave"", ""Antelope"", ""Ventura""), ""Total Abatement"" = c(Ak1, Am1, Aa1, Av1), ""MAC of Last unit"" = c(MACC_k, MACC_m, MACC_a, MACC_v)))"
"0","}"
"0","# using function to calculate the marginal cost of the last unit of abatement for each district"
"0","cap_no_trade_new <- MACC_district_new(Ak1 = 65, Am1 = 65, Aa1 = 65, Av1 = 65)"
"0",""
"0","# using kable to create a table of the MAC. values and total abatement by district"
"0","knitr::kable(cap_no_trade_new, align = ""c"", caption = ""MAC of Last Unit by District"")"
